{"cameraMode":{"drawMode":0,"name":"Shaded","section":"Shading Mode"},"sceneLighting":true,"audioPlay":false,"sceneViewState":{"m_AlwaysRefresh":false,"showFog":true,"showSkybox":true,"showFlares":true,"showImageEffects":true,"showParticleSystems":true,"showVisualEffectGraphs":true,"m_FxEnabled":true},"in2DMode":false,"pivot":{"x":15.675179481506348,"y":2.9587907791137697,"z":0.938359260559082},"rotation":{"x":0.04348461329936981,"y":-0.0104888416826725,"z":0.00046141137136146426,"w":0.9990110993385315},"size":7.738264560699463,"orthographic":false}