{"cameraMode":{"drawMode":0,"name":"Shaded","section":"Shading Mode"},"sceneLighting":true,"audioPlay":false,"sceneViewState":{"m_AlwaysRefresh":false,"showFog":true,"showSkybox":true,"showFlares":true,"showImageEffects":true,"showParticleSystems":true,"showVisualEffectGraphs":true,"m_FxEnabled":true},"in2DMode":false,"pivot":{"x":-131.1886749267578,"y":-1.772803544998169,"z":33.75639343261719},"rotation":{"x":-0.06922130286693573,"y":-0.030824191868305208,"z":0.0021396742668002846,"w":-0.997124433517456},"size":12.813124656677246,"orthographic":false}